{
  "alpha_sweep": {
    "0.0": {
      "h1_rho": null,
      "h2_auroc": 0.1752450980392157
    },
    "0.25": {
      "h1_rho": null,
      "h2_auroc": 0.1914828431372549
    },
    "0.5": {
      "h1_rho": null,
      "h2_auroc": 0.23223039215686275
    },
    "0.75": {
      "h1_rho": null,
      "h2_auroc": 0.3128063725490196
    },
    "1.0": {
      "h1_rho": null,
      "h2_auroc": 0.5177696078431373
    }
  },
  "k_sweep": {
    "16": {
      "h1_rho": null
    },
    "32": {
      "h1_rho": null
    },
    "64": {
      "h1_rho": null
    },
    "128": {
      "h1_rho": null
    },
    "256": {
      "h1_rho": null
    }
  },
  "layer_band": {
    "early": {
      "mean": 0.8264721029685488,
      "std": 0.15163617406662347
    },
    "middle": {
      "mean": 0.8231881069692543,
      "std": 0.15496866395668896
    },
    "late": {
      "mean": 0.9817668069257155,
      "std": 0.0911741737903961
    },
    "all": {
      "mean": 0.9775780916905302,
      "std": 0.08823371643702071
    }
  },
  "random_null": {
    "mean_random_jaccard": 0.018047281335855356,
    "std_random_jaccard": 0.013113187223881393,
    "n": 153
  },
  "pruning_threshold": {
    "0.5": {
      "proxy_k": 16,
      "mean_agd": 0.9809342764408091
    },
    "0.7": {
      "proxy_k": 32,
      "mean_agd": 0.9774905516018276
    },
    "0.8": {
      "proxy_k": 64,
      "mean_agd": 0.9681217979118109
    },
    "0.95": {
      "proxy_k": 128,
      "mean_agd": 0.9550264506396776
    }
  }
}