{
  "split": "full",
  "idea1_aoc_components": {
    "aoc_early": {
      "rho": 0.25453787549050466,
      "p": 0.0021563432513871947,
      "ci_lo": NaN,
      "ci_hi": NaN,
      "n": 143
    },
    "aoc_truncate_25": {
      "rho": 0.3004114434161061,
      "p": 0.0002669317220887951,
      "ci_lo": 0.16369512270618103,
      "ci_hi": 0.4298547650827627,
      "n": 143
    },
    "aoc_truncate_50": {
      "rho": 0.3477953178684482,
      "p": 2.0795618319590353e-05,
      "ci_lo": 0.21629026126700354,
      "ci_hi": 0.46750523348276823,
      "n": 143
    },
    "aoc_truncate_75": {
      "rho": 0.343226830296811,
      "p": 2.709756302983869e-05,
      "ci_lo": 0.21507645791403104,
      "ci_hi": 0.46910902320645226,
      "n": 143
    },
    "aoc_mistake": {
      "rho": -0.09130162925202887,
      "p": 0.27814618243178163,
      "ci_lo": NaN,
      "ci_hi": NaN,
      "n": 143
    },
    "aoc_composite": {
      "rho": 0.44377427199203445,
      "p": 2.835852505314587e-08,
      "ci_lo": 0.288130630396392,
      "ci_hi": 0.5627879992867125,
      "n": 143
    }
  },
  "idea2_per_perturbation": {
    "B_mistake": {
      "rho": 0.222946776047102,
      "p": 0.007441106779275662,
      "ci_lo": 0.038945827725656856,
      "ci_hi": 0.38460183036598233,
      "n": 143
    },
    "B_trunc": {
      "rho": 0.40170668618906424,
      "p": 6.604746386641437e-07,
      "ci_lo": 0.24922453110465248,
      "ci_hi": 0.5275054060446759,
      "n": 143
    }
  },
  "idea4_shared_count_ablation": {
    "weighted_pano": {
      "rho": 0.44377427199203445,
      "p": 2.835852505314587e-08,
      "ci_lo": 0.288130630396392,
      "ci_hi": 0.5627879992867125,
      "n": 143
    },
    "unweighted_shared_div": {
      "rho": 0.2837589044663616,
      "p": 0.0005939687990147623,
      "ci_lo": 0.13197692068700898,
      "ci_hi": 0.42445518787664266,
      "n": 143
    },
    "delta_rho": 0.16001536752567286,
    "k_approx": 64.0,
    "interpretation": "Influence weighting adds signal"
  }
}